{
  "builtin_entity_scope": [
    "snips/city"
  ],
  "config": {
    "unit_name": "tfidf_vectorizer",
    "use_stemming": false,
    "word_clusters_name": null
  },
  "language_code": "en",
  "vectorizer": {
    "idf_diag": [
      3.3978952727983707,
      4.697178256928631,
      2.428494715610267,
      4.697178256928631,
      4.697178256928631,
      4.697178256928631,
      4.697178256928631,
      3.310883895808741,
      3.3978952727983707,
      2.499953679592412,
      2.9054187877005764,
      3.3978952727983707,
      4.4094961844768505,
      4.186352633162641,
      4.697178256928631,
      4.186352633162641,
      5.102643365036796,
      4.186352633162641,
      4.697178256928631,
      4.4094961844768505,
      5.102643365036796,
      4.4094961844768505,
      4.697178256928631,
      2.0822184788924334,
      4.697178256928631,
      3.3978952727983707,
      4.697178256928631,
      5.102643365036796,
      3.087740344494531,
      4.4094961844768505
    ],
    "vocab": {
      "?": 0,
      "am": 1,
      "builtinentityfeaturesnipscity": 2,
      "can": 3,
      "degrees": 4,
      "going": 5,
      "hot": 6,
      "how": 7,
      "i": 8,
      "in": 9,
      "is": 10,
      "it": 11,
      "know": 12,
      "like": 13,
      "many": 14,
      "me": 15,
      "nice": 16,
      "now": 17,
      "please": 18,
      "right": 19,
      "s": 20,
      "tell": 21,
      "temperature": 22,
      "the": 23,
      "thinking": 24,
      "today": 25,
      "wanna": 26,
      "want": 27,
      "weather": 28,
      "what": 29
    }
  }
}